x,y,theta
0.0010785464601628658,6.633303299950706e-05,-0.0002424716092232625
0.0010831933896560259,6.66538273213837e-05,-0.0002436167487859992
0.0010882138508569728,6.696402742252488e-05,-0.00024478411958648005
0.001094042737102955,6.728168103618244e-05,-0.000245937998873455
0.0010986896678862011,6.760247171588163e-05,-0.0002470831060973241
0.0011037101303260667,6.7912667507504e-05,-0.00024825044312164717
0.0011095390178942344,6.823031616466127e-05,-0.0002494042832139106
0.0011141859499675805,6.855110320233818e-05,-0.00025054935810002254
0.001119206413646441,6.886129468464109e-05,-0.00025171666134913125
0.0011250353025367733,6.917893838543643e-05,-0.0002528704622475647
0.0029852737646247837,2.547450505415317e-05,-0.0005412561730402479
0.008556338611103907,-0.00011191123648861175,-0.001422637832634642
0.017810060451415338,-0.00034284308678919916,-0.0028266204758647315
0.029289600496503733,-7.887753791099706e-05,-0.0008967654955643018
0.042097143572319126,0.0010537768403224923,0.006383670160365818
0.05621068407338441,0.00313599881537578,0.018977901669350677
0.0716704215926149,0.006345115038206754,0.03729631171517783
0.08848395516841184,0.010824381001312944,0.06131693357896091
0.10650221935694569,0.016716899032883016,0.09103591611562585
0.12536596406378378,0.024127781503334632,0.12648804012648565
0.14375159840062646,0.03266048217408321,0.16478000748762076
0.16133712370598935,0.042090083908657976,0.20474761674538283
0.1788854189944161,0.05195931180111274,0.2442517378612284
0.19696841542848068,0.061691395929642005,0.2827957551163379
0.21544807353936793,0.07132821303327176,0.3206858524481867
0.23340194023346403,0.08204758059604325,0.3569854696986665
0.24946102490112143,0.09435717642563715,0.39491918961914074
0.26492429966249614,0.10740785992176571,0.43324724264077114
0.2804231045670105,0.12077652853462605,0.4713588902049355
0.2954821572063714,0.134954584580494,0.5078431058616241
0.30992490968863384,0.14920264366543579,0.5430720514459527
0.3235377589505568,0.16379612778677066,0.5777531185916214
0.33638454485967634,0.17892614012048486,0.6132990817364283
0.34866469570541997,0.19451033685126637,0.6488735317223157
0.3608597750304524,0.21011112938727514,0.6789053710773844
0.37362254511718074,0.22527617031050354,0.6988523611371479
0.38717934342152854,0.23980510839103095,0.7136214365074722
0.40068278935699475,0.25446449349749817,0.7276653196804588
0.4137871433279012,0.2692952024553719,0.7424346461997707
0.4266231353701815,0.2843101452311422,0.7573586625316988
0.4396355349942089,0.2992735200803481,0.7669545584937557
0.4535185530891095,0.3136477436959093,0.7678885880539313
0.4681438109219683,0.327262714685761,0.7655933015988422
0.48295666490714606,0.34043555080534105,0.7587634291176271
0.4984016470609988,0.35285423029560103,0.7486410738466257
0.5139717905267106,0.36509170034021954,0.7384310900927028
0.5296660376900013,0.3771695976578237,0.728221154929476
0.5454827820829808,0.389086626270507,0.7180111853706568
0.5612213119843951,0.40117914242056624,0.7104308403506941
0.5769897401302386,0.4132361560188545,0.70328083926605
0.5928440540203808,0.4251801026791084,0.6961306875814216
0.608783365890789,0.43701038063301423,0.6889805099350562
0.6248068607049801,0.4487263843237044,0.6818303043844184
0.6409137199308677,0.46032751398738164,0.6746800678641989
0.6571031208043249,0.4718131756671817,0.667529797288434
0.6731597353010242,0.4836318336606847,0.6639841286848388
0.6891080391384151,0.49560293620704077,0.6614812674818055
0.705086161603666,0.5075337983649231,0.6589766128485828
0.7210940974396991,0.5194246118088203,0.6564718935754066
0.737131760367048,0.5312752782587058,0.6539670971704469
0.7530056416664218,0.5434412738881232,0.6542496211932649
0.7687913057931098,0.5557329226901065,0.6551759441236319
0.7845604136487917,0.5680349528395339,0.6560927896557587
0.800318238477118,0.5803514484428486,0.6570096353130802
0.8160647662997079,0.5926823887029812,0.6579264845189893
0.8317143960629453,0.6051453512836489,0.6597799350025153
0.8473310487018685,0.6176428370476084,0.6616703135524555
0.8629240679587952,0.6301697916282387,0.6635606427837254
0.8784933790941627,0.6427262006176748,0.6654509783635001
0.8940389256829038,0.6553120190391587,0.6673413203624892
0.909612832705162,0.6678612685811033,0.6686985397786158
0.9251715123710176,0.6804292706636954,0.6700447089377932
0.9407132519407764,0.6930182102294875,0.6713908988413632
0.956238027621415,0.7056280593235916,0.6727370929775432
0.9718301842111645,0.7181640030970504,0.6732614439652002
0.9874292970802261,0.7306993548791506,0.6737264549053933
1.0030193796205977,0.743241818731063,0.6742075354352101
1.018606530415327,0.7557928860819729,0.6746731253335259
1.0341825123329706,0.7683477866102285,0.6751468201550633
1.0497994818645657,0.7808512021681113,0.675132031302766
1.0654220631493305,0.7933437893898868,0.6750600731495099
1.0810437774593815,0.8058344536547398,0.6749944164475216
1.09666597047148,0.8183290373613574,0.6749355349725369
1.1123045132521625,0.8307955930700902,0.6747041516208477
1.1279431926423373,0.8432625680551982,0.6744954902874032
1.1435833055110018,0.8557270281350383,0.6742935441430982
1.1592259232991515,0.8681887557309179,0.674093874699978
1.174871033552299,0.8806473532493377,0.6738941971844253
1.1905186331434097,0.8931028279558731,0.6736945194210925
1.206163206786325,0.9055620899537641,0.6735501766440831
1.2218095555046415,0.9180191287102326,0.6734060116845546
1.237457703743395,0.930473912577895,0.6732618424027264
1.2531076503032854,0.9429264425952054,0.6731176730238457
1.2687515651094907,0.9553865392640966,0.673052113615533
1.2843962628607641,0.9678456593858628,0.6729868070689025
1.3000417781211238,0.980303757890132,0.6729214946859228
1.3156881091097266,0.9927608362027154,0.6728561824831448
1.3313352553160938,1.0052168939469752,0.6727908705137812
1.3469804234494271,1.017675435556907,0.6727536072952429
1.3626260433746535,1.0301334114480565,0.6727164345314612
1.3782721269406901,1.0425908051605073,0.6726792599199096
1.3939186730654514,1.0550476168522922,0.6726420856008359
1.40956568117019,1.067503846077746,0.6726049115848901
1.4252131507227737,1.0799594924191198,0.6725677378617799
1.4408606548372311,1.0924150908895818,0.6725348482110787
1.4565085642130782,1.1048701754093266,0.6725019726018864
1.4721568804605583,1.117324743309076,0.6724690969224997
1.4878056033218117,1.1297787945418178,0.6724362214829257
1.5034549753181912,1.1422320243886452,0.6724009087716141
1.5191047853771857,1.1546846979423397,0.6723655884260581
1.5347550325711306,1.167136816716392,0.6723302684451823
1.5504075201687126,1.1795871011297288,0.6722896249976329
1.5660606004051165,1.1920385316085496,0.6722503271774575
1.5817154726349554,1.204484106060206,0.6721894892460561
1.597372503234097,1.2169315946255324,0.6721306365990253
1.613027494430225,1.2293792893865767,0.672087033886661
1.6286827159854136,1.2418251436145031,0.6720364552156152
1.6443385739119396,1.2542701951695705,0.6719858765368129
1.6599948256570123,1.2667147534960086,0.6719376795252556
1.6756516777277262,1.2791585600614825,0.671889490701468
1.6913091315612039,1.2916016138219286,0.6718413022074186
1.7069671874141021,1.3040439150767476,0.6717931142070968
1.7226258454855985,1.316485463994638,0.6717449266877936
1.7382849140698475,1.3289265018792062,0.671698668461812
1.7539445600623247,1.3413668188693555,0.6716524169034208
1.769604784183897,1.3538064137689012,0.6716061656612531
1.7852655861575282,1.3662452864381525,0.6715599148794644
1.8009269656371953,1.378683436613756,0.6715136645569113
1.8165889018071169,1.391120889604632,0.6714676197053469
1.832251411894135,1.4035576227074038,0.6714215759673468
1.8479144954245472,1.415993635367304,0.6713755326642702
1.8635781517962344,1.428428927123708,0.6713294898056394
1.8792423803989045,1.440863497501634,0.6712834473828171
1.89490730118766,1.453297194271461,0.6712361923209491
1.9105728086810985,1.4657301490209473,0.6711889337674178
1.926238901830067,1.4781623620428959,0.671141675694235
1.9419055802168845,1.4905938329678816,0.6710944179863694
1.9575728434927635,1.5030245615234255,0.6710471606174379
1.973240862111726,1.5154543325211842,0.6709981853878805
1.9889094873790358,1.5278833328946557,0.670949204914319
2.004578718510507,1.5403115636070281,0.67090022481582
2.020248555625576,1.5527390246913013,0.6708512449269757
2.0359189989229947,1.565165716303904,0.6708022652125274
2.0515922183011024,1.5775893184893262,0.6707427769303043
2.067265955397887,1.5900141030145891,0.6706861494544905
2.082941640032283,1.6024360805805762,0.6706233471771131
2.0986174223317935,1.61485947434931,0.6705743270774691
2.114291402170559,1.6272819635390845,0.6705235176015591
2.129966483106702,1.6397027949623522,0.6704687684051218
2.1456422482860824,1.6521227639019418,0.6704140078611482
2.1613186949726333,1.664541875730552,0.670359248175401
2.176995823620714,1.6769601307208413,0.6703044890221183
2.1926736345551703,1.689377529140014,0.6702497303838385
2.2083523490981145,1.701793792259604,0.6701927446212951
2.2240317749585694,1.714209162840342,0.6701357521964618
2.2397119111627477,1.7266236421756729,0.6700787604369307
2.2553927576446715,1.739037230145956,0.6700217691757866
2.2710743141874157,1.7514499265920807,0.6699647784172159
2.286756771543293,1.7638614900735514,0.6699058622646981
2.3024399629975796,1.7762721301020756,0.6698469404349514
2.3181238871963172,1.7886818473934274,0.6697880192674905
2.3338085436057465,1.80109064146903,0.6697290986174902
2.3494939316160366,1.813498511858362,0.6696701784824972
2.365180262835876,1.8259051899971357,0.66960911883715
2.3808673519197354,1.838310908610434,0.6695480528108669
2.3965551973146804,1.8507156684497958,0.6694869874253212
2.412243798495551,1.8631194690307213,0.6694259224944392
2.427933154967007,1.8755223099671459,0.6693648579885394
2.443623266317234,1.887924190938077,0.6693037938738335
2.4593143343117774,1.9003248562617603,0.6692406915925332
2.475006182869759,1.9127245279918286,0.6691775830697495
2.4906988109961894,1.9251232072177535,0.6691144749631611
2.5063922187453422,1.9375208939070467,0.6690513670690671
2.5220866377230773,1.9499172954133572,0.6689859235378914
2.537782318269335,1.9623116184999525,0.668916141879246
2.5534811866583733,1.9747053497099176,0.6688424905575932
2.569180329601492,1.987095665530195,0.6687651533795549
2.5848821466725136,1.999487856783166,0.6686883714580231
2.600584825582713,2.011876390882412,0.668602710718831
2.6162890633069438,2.0242649206620253,0.6685178031663124
2.63199428758011,2.0366522825844156,0.6684335754595987
2.647700498055917,2.04903849171768,0.6683504025124816
2.663406477314364,2.06142394494161,0.668272961756726
2.6791133251242396,2.0738076694132173,0.6681946424580952
2.6948183946065845,2.086190587609856,0.668128866727376
2.7105242817157715,2.0985724656690543,0.668063078035589
2.726230986225493,2.11095331261551,0.6679972893862868
2.741938508068733,2.1233331284891417,0.6679315009185203
2.7576470868643477,2.1357116091721524,0.6678632893596537
2.7733565136039475,2.148089018885643,0.6677950702545418
2.789066786819181,2.160465358711182,0.6677268515989149
2.8047779060617426,2.172840628219604,0.6676586332336211
2.820489870770642,2.1852148269792466,0.6675904151787219
2.836203341003715,2.1975871164437106,0.6675155182507874
2.8519177411002707,2.209958225179237,0.6674406001969351
2.867633067457603,2.222328156494836,0.6673656829748041
2.8833493195401885,2.2346969097351845,0.6672907660658441
2.8990664967362316,2.2470644844211756,0.6672158494487148
2.9147853387403195,2.2594299403633458,0.6671334457756526
2.930505200783244,2.271794094696588,0.6670510182836614
2.9462260791730315,2.2841569513919713,0.6669685915417481
2.961947973741178,2.2965185100434056,0.6668861649285767
2.977670884303705,2.308878770497237,0.6668037383851602
2.993395336755165,2.32123706439708,0.6667159891122505
3.009121708213411,2.3335924916140605,0.6666190786294287
3.0248540308107015,2.3459480819019447,0.6665119331469932
3.040586427062505,2.3583005419330862,0.6664093693786728
3.056320733593147,2.370650072135333,0.6662944296919311
3.0720503975945785,2.383002542588983,0.6662226818720611
3.0877810667853822,2.39535290165615,0.6661445107693303
3.103512705895043,2.4077020225202608,0.6660663377595875
3.1192453108651472,2.4200499139481577,0.6659881652221059
3.1349788821069686,2.4323965763823296,0.6659099931140366
3.150713420028235,2.4447420101518493,0.6658318214183101
3.16644926225741,2.4570857861273003,0.6657502326175818
3.182186115490737,2.469428278074019,0.6656686332498455
3.1979239783864184,2.4817694880882475,0.6655870345631878
3.213662851052182,2.494109416146919,0.6655054363209967
3.22940364647906,2.5064468989782154,0.6654145831719765
3.245145569767925,2.518782948362917,0.6653237007938735
3.2608886165460516,2.5311175693811077,0.6652328196395302
3.276632786549209,2.543450761513006,0.6651419390381051
3.2923780792615953,2.55578252437133,0.6650510590171197
3.308124494087397,2.568112857508881,0.664960179604858
3.323873053367961,2.5804404556384477,0.6648589236656449
3.3396228659679608,2.59276645325658,0.6647576350364831
3.3553739266019265,2.60509085575343,0.6646563478162092
3.371126234710699,2.6174136623322672,0.6645550612005411
3.3868797895876113,2.629734872447389,0.6644537751587776
3.4026349168798613,2.6420540689640304,0.664349177498206
3.4183913319713275,2.65437161384339,0.6642445696913134
3.434149032903655,2.6666875085898036,0.6641399625597882
3.449908019324685,2.679001752806932,0.6640353557803114
3.465670774180244,2.6913111728097707,0.663905529193591
3.481435135670465,2.7036185288885406,0.6637756218319548
3.4972010926152604,2.7159238353945856,0.6636457164581341
3.5129686453986984,2.7282270917095928,0.6635158110560061
3.5287393884888143,2.7405245275166332,0.663368578075841
3.544512217884958,2.7528226703317547,0.6632294224001732
3.560287879753417,2.765115361858472,0.6630775073576104
3.576066227274841,2.77740821960855,0.6629270333686692
3.5918467280539166,2.789697762586523,0.6627738148615752
3.6076293050732016,2.801986115040812,0.6626219106633348
3.6234136088822844,2.814272170590291,0.6624708406086391
3.6391992078194706,2.8265547090853116,0.6623222555319916
3.6549842915593045,2.8388411115255128,0.662202781046588
3.6707689249307522,2.851122482985979,0.6620794369793286
3.6865550871152237,2.8634018572832303,0.6619560822554936
3.702342965070038,2.875679031339998,0.6618307082863535
3.7181323859422784,2.8879542269471865,0.6617053279510821
3.7339233485779446,2.9002274450735976,0.6615799479457705
3.749715852621968,2.912498685388158,0.6614545681868131
3.765509897575351,2.924767947521248,0.6613291887434295
3.7813079549871116,2.9370320539723953,0.6611786144862875
3.797107872065653,2.94929376770488,0.661027959804996
3.812909636990762,2.961553102573601,0.6608773074764374
3.8287132492813396,2.9738100573215136,0.6607266556145772
3.844518708003401,2.9860646312313612,0.6605760042262173
3.860326012215998,2.9983168235859408,0.6604253533177655
3.8761370336096426,3.010564222518253,0.6602555952338521
3.891950141005625,3.022808924556313,0.6600857762859231
3.9077653251958826,3.0350509400046737,0.6599159591500597
3.923584455240958,3.0472878579245957,0.6597270527822764
3.9394059026650963,3.0595217737377687,0.6595380853738841
3.9552296584539803,3.0717526978675913,0.6593491194865333
3.9710557223138223,3.083980629387715,0.6591601535540219
3.9868840937455965,3.096205567884803,0.6589711874483151
4.002717017868015,3.108426632960286,0.6587698689643564
4.018551905838156,3.1206408810760813,0.6585552889149944
4.034389045809929,3.132854454106367,0.6583520893803018
4.05022867819668,3.1450647858199945,0.6581488550866473
4.066071443247081,3.1572718030455476,0.6579427695175596
4.081919820395766,3.169469444984994,0.6577005038721124
4.097773097167509,3.181665995226853,0.6574592468661158
4.113629040910434,3.193858773343716,0.6572185368184351
4.1294877151970235,3.206047877787488,0.656978966947473
4.145349584413425,3.218230174477271,0.6567270758234341
4.161216578194645,3.2304112904844735,0.6564855643719466
4.177085798038199,3.242586344859467,0.6562301318150118
4.192958995464049,3.2547585151379086,0.6559749350365996
4.208835189934361,3.266926791037013,0.6557204362699126
4.224716331693319,3.27909107103455,0.655462177678512
4.240596321773058,3.2912529788047165,0.6552282280431557
4.256478601672922,3.3034078563356597,0.6549784214288765
4.272363898558734,3.315558787623547,0.6547286174772681
4.288252231449053,3.32770575286397,0.6544788167629952
4.3041435995701685,3.339848749998458,0.6542290166425121
4.320045202340793,3.3519783841801605,0.6539051369636345
4.335950766490406,3.3641028229392447,0.6535810205687356
4.351860257954703,3.376222107479983,0.6532569103808991
4.3677736757362275,3.388336234426355,0.6529328007548615
4.383691017630642,3.4004452020857467,0.6526086916200475
4.399618246511625,3.4125412001788766,0.6522230820677692
4.4155501639026244,3.424631016666964,0.6518372758900702
4.431486740792811,3.4367146851695853,0.6514514745497786
4.4474279756346435,3.4487922023140563,0.6510656732198933
4.463373865967061,3.460863566189489,0.6506798717020824
4.479324409438312,3.4729287749812396,0.650294069821921
4.495294136801708,3.4849674733620644,0.6497518073126284
4.511270564808748,3.4969930431547644,0.6491904492949341
4.527255994070311,3.5090021741167994,0.6485859578977424
4.543248482349153,3.5209988357762843,0.6479680988928909
4.55924793739113,3.5329898655824143,0.6473694655777616
4.575252935094845,3.5449698312829474,0.6467706044148827
4.591281520490896,3.5569078076221023,0.6459559023277432
4.607322287781352,3.5688334418564027,0.6451297186357102
4.623370524502301,3.5807468007528684,0.6443223732518244
4.639427369410037,3.592647451244181,0.6435179516034479
4.655522682772323,3.6045006746687798,0.6424357408160113
4.671632749190741,3.616352849466252,0.6414163231649669
4.6877550039905715,3.6281884734244585,0.6403965931083745
4.703889323779439,3.6400076516190425,0.6393768575986889
4.72003569089287,3.6518103728052007,0.6383571194238022
4.736194088503427,3.6635966246684735,0.6373373788602548
4.752390908589007,3.675294316522603,0.6358622719308223
4.768613338010822,3.6869929889088002,0.6344752634478751
4.784852135144291,3.6986690852846404,0.6330883981032949
4.801107113549465,3.710322649912709,0.6317015326815415
4.817378239708305,3.7219536605340053,0.6303146656075831
4.833713229926369,3.7334232874188835,0.6280117985135433
4.850077178966213,3.744834646875548,0.6256341859369697
4.866468047944744,3.7562067276220845,0.6232552672959998
4.882885718452934,3.7675392223508233,0.6208742693105587
4.899330020635775,3.7788317621679406,0.6184902009458496
4.915882410673102,3.789972603922593,0.6152341008800204
4.932458177968082,3.801023654545011,0.6118482100822286
4.949070715986809,3.8120185731458713,0.608462305955483
4.965720385955267,3.8229571832837026,0.6050764091915395
4.982406996858731,3.8338393576512755,0.6016905194248705
4.999241764587498,3.844422912587027,0.5965526350732977
5.016153943492927,3.854877055532765,0.5912215709983307
5.0331215923346155,3.8652409652326805,0.5858907144386971
5.0501442491060775,3.8755142762705255,0.5805598553354168
5.067345527764689,3.885411259491652,0.5731759057681546
5.0846481070339085,3.8951223438576767,0.5655207739963329
5.1020245165614435,3.9047007491058787,0.5578657668694211
5.119473742308932,3.9141458561364044,0.5502107356943774
5.136994762270328,3.9234571101394984,0.5425556762983325
5.154586550204212,3.9326339645548987,0.5349005858611557
5.172405439714343,3.94128679136284,0.5243068825395821
5.190379071305554,3.949584053098875,0.5129467296910707
5.20844539635927,3.9576764045642046,0.5015886738213683
5.226602543433011,3.9655628134922796,0.49023016109657347
5.245031228083129,3.9728215656980748,0.47518474147754824
5.263674445232833,3.9793353070132715,0.4580469847195442
5.282427284884042,3.9855299118533845,0.44090662747735404
5.301283585189084,3.991401918928428,0.4237656450077726
5.320237803333708,3.996949573915295,0.40662405508882493
5.339543776501921,4.00175719720068,0.38587272178375487
5.358913326339111,4.005584894193669,0.3623732095185457
5.3783628444637746,4.008941518827393,0.3388205467703035
5.397885922894394,4.011838704959693,0.3152674411573206
5.4174709080117385,4.014273970173959,0.2917118926911135
5.43710862020159,4.016248632512939,0.26816036230213736
5.456979608097034,4.0174650056519114,0.2410205570420125
5.477438533211276,4.0172424816502135,0.20895775989751333
5.49751970978605,4.015920355366597,0.174757032801766
5.517247376996816,4.01365538872968,0.13923577983792326
5.536307878294034,4.010905614210021,0.1051146063526504
5.553856009914149,4.0076754593303185,0.07486261807679227
5.569482603766156,4.004216931731821,0.0463079248885194
5.583639065205845,4.000400047849658,0.01794391512165908
5.597094961254754,3.9958529775236626,-0.012665397857653232
5.609834930062786,3.99059340130525,-0.04551389742933249
5.62166568784092,3.9851297115982525,-0.0789219687625595
5.63241680172493,3.9801848902196855,-0.11265673770827703
5.642083432808003,3.9759965778146324,-0.14799828260627296
5.65014913302988,3.9724777033328915,-0.1840635290884639
5.656747440464172,3.969713918939275,-0.22140525151903045
5.6617841789463235,3.967819372001526,-0.2603913757423456
5.664946733373914,3.966618691457592,-0.29903152187732035
5.66640835558299,3.966186130903498,-0.3371180130696995
5.666291534987071,3.966389886604461,-0.37292514086961853
5.664659585862357,3.9672652831381927,-0.40625408843517435
5.661514169597468,3.9690163637366167,-0.43799762574488227
5.65686812642223,3.9716811984376124,-0.4679570049075581
5.6507339949471636,3.975294095440872,-0.495934040878158
5.643114593899378,3.979841700752083,-0.5219061168539806
5.633978143186578,3.985154311523835,-0.546478099344449
5.623269007737754,3.991058900897114,-0.5678418032595786
5.611064064937929,3.9974641765950354,-0.5852899270402171
5.5973583692047715,4.0046418639994705,-0.600557954546847
5.582472483152073,4.012681043213972,-0.6133466515898269
5.567689504390017,4.021579140922797,-0.6201083248309638
5.55327973707171,4.031544844435552,-0.6219987237549435
5.538444935277052,4.042504642629805,-0.6201715173171415
5.523301092122904,4.054348640401749,-0.6142604777138901
5.508256213748618,4.066873782080353,-0.6027995624035628
5.493092423001757,4.0795557486278025,-0.5896105651409453
5.477760662746862,4.0920358984661505,-0.5764256000296135
5.462265619825591,4.104312787841138,-0.5632408497923261
5.446610055101675,4.116384310499124,-0.5500561574440055
5.430796690942309,4.12824836890612,-0.5368715254725726
5.41482827678277,4.1399029013732305,-0.5236869571582811
5.39860152842508,4.151147694872204,-0.5121638160286855
5.382182661957711,4.1621944959005805,-0.5008689427224008
5.365639277667019,4.17305526303199,-0.48957410137303686
5.348827552690797,4.183477368773713,-0.48045025758724186
5.331846444537101,4.193707320176877,-0.4717171311220686
5.314776516163973,4.203788719016451,-0.46298381366630775
5.206206768580337,4.267887562055828,-0.3875213441646129
5.206211486374673,4.26788716931966,-0.38751886945404984
5.206216861461789,4.267886705579061,-0.3875159555028752
5.206221189462448,4.267886368622078,-0.3875137211960765
5.206225907088799,4.267885975906357,-0.3875112467088832
5.206231282151552,4.267885512182392,-0.3875083328422788
5.206235610149124,4.267885175235332,-0.3875060985974655
5.206240327776278,4.267884782520423,-0.38750362420279555
5.206245702855101,4.2678843188048505,-0.38750071040050743
5.206250030864216,4.267883981863945,-0.3874984762121292
5.206254748500504,4.267883589151322,-0.38749600189592903
5.208040554033322,4.267131853802946,-0.38763512274902195
5.213303879789875,4.264947586643438,-0.38784826698437724
5.2220021681542494,4.261362240252961,-0.3880352150401516
5.233105272956935,4.257390947681551,-0.38463472466559084
5.245727138478215,4.253977008803866,-0.37465785836227133
5.259922852821524,4.2511766379492615,-0.35834576241156596
5.275680295548475,4.249126780436466,-0.3357553539753008
5.292968625189126,4.247989205665119,-0.3069485118084823
5.311734625148743,4.247948172101158,-0.27199314333844204
5.3315841751515185,4.249067098904317,-0.2323223017084656
5.35145004241497,4.250995136960703,-0.19232855811464253
5.371217978530632,4.25368965984399,-0.15233538019281612
5.391057340537688,4.256872885953397,-0.11280827227067014
5.4115278334883925,4.259525865432655,-0.07485224465699945
5.432437429590691,4.2617887652140665,-0.037920816021750715
5.453111530450154,4.265165443674747,-0.002169144908119587
5.473471964047348,4.270615777154127,0.03210711665177945
5.493194390637169,4.276864187273845,0.06769758397556712
5.513006173923364,4.283426088335682,0.10371117321708054
5.532158553628298,4.291117494129929,0.1398433116045397
5.550887404584367,4.299410555181835,0.1763008525752947
5.568917694346567,4.308632433604415,0.21430552653938587
5.586461571945791,4.318642411301913,0.2526974201286797
5.6033629857612,4.329403833500086,0.2919045193753284
5.619739474462664,4.340878228180544,0.33144530285129864
5.635513902539802,4.353050572159709,0.3714293451361613
5.650787198164953,4.365844451374455,0.4114207711355354
5.665536771692424,4.37923874182039,0.4514122995981537
5.679739027540519,4.393212048377362,0.4914039776863378
5.693371250512973,4.407742030619256,0.5313958241912599
5.70641163604342,4.4228054569431325,0.5713878546718438
5.718839325170905,4.4383782418146795,0.6113800819056092
5.730634438064059,4.454435484260371,0.6513725162041455
5.742297287485953,4.47051410561874,0.6857834909241425
5.754475955209581,4.486183160672448,0.713205869965863
5.766356005809592,4.502116965238882,0.7401149040961762
5.77769891821556,4.518352941203552,0.7673504487918655
5.788495335851129,4.5348893499646765,0.7949433558131577
5.79927953498216,4.551439124109282,0.8169015761371611
5.81088761537026,4.567555582546824,0.82991149248806
5.8230643921629195,4.583268932721298,0.8400596533709122
5.835166835998069,4.59928816848844,0.8505773000223793
5.847282905589902,4.615559593413379,0.8607504666484368
5.859385499159993,4.63164980882079,0.8659371457482449
5.872296598565253,4.647057298300353,0.8639560365888596
5.885765405356827,4.661725285049011,0.8594200634117494
5.899303599116028,4.676305890871777,0.8548228401486978
5.912908638945863,4.6908241604813465,0.8502257599606665
5.926862795486619,4.704945280265166,0.8417535264827967
5.941231718857796,4.718581218251333,0.8315271056029243
5.955736984898441,4.732063498812079,0.8212995067557054
5.970379376419364,4.745396741658116,0.8110719140972226
5.984949837887015,4.758863466195796,0.8031666896800105
5.999578295453212,4.772269546744327,0.7955596060578866
6.014308353783669,4.785563930127294,0.7879522754622102
6.02913912499788,4.7987458666689236,0.780344892277604
6.044069751547829,4.811814593152016,0.7727374578534931
6.05909937031501,4.824769352834856,0.7651299724407898
6.073960236537846,4.838066628896517,0.7612708827863152
6.088671546431348,4.851541131699597,0.7588083105096329
6.1034162813941615,4.864977697716217,0.7563389904382819
6.118194247256795,4.878377756461343,0.7538696463919362
6.133005160307334,4.891740761511434,0.7513984577971426
6.147591398511674,4.905403303749864,0.7518306341480583
6.162079455979023,4.9192139842215825,0.7530294376138746
6.1765597601852,4.933048312145317,0.7542486790828237
6.19101874472334,4.946910204404346,0.755518748686907
6.205460684641978,4.960793180673454,0.756798100104578
6.219780958492034,4.9747679639987545,0.7588595514476812
6.234059683870064,4.98877528010487,0.7609775549245602
6.248308725357552,5.002812782212217,0.7630954839346605
6.262528002194072,5.016880429494257,0.7652134154161447
6.276717450247698,5.030978159311857,0.7673313518633469
6.290958890636761,5.045043456894327,0.7687979151930173
6.305176754739735,5.059130661208831,0.7702975850059601
6.319372413029954,5.073242760318982,0.7718200536855455
6.333543779066027,5.087362152656682,0.7732926932995882
6.347699308251146,5.101513706386877,0.7747837393818015
6.361928393874689,5.11556458756197,0.7753079547742688
6.376164238543648,5.1296120750747685,0.7757364296423679
6.39039405114896,5.143665604446186,0.776165063018344
6.40461792021239,5.15772767686842,0.7766055684340083
6.41883297826216,5.171802198796397,0.7770806140434907
6.433116418096278,5.1858114915649125,0.7769077070178171
6.447408030483576,5.199803927094779,0.7766447112027756
6.461703663319799,5.213793326158008,0.7763839205957856
6.476002426973786,5.227779384997428,0.7761272957962054
6.49030496379925,5.241762768085328,0.7758747335921549
6.504627328413777,5.255719141518419,0.7754455015293183
6.518955905867488,5.269667144310163,0.7750085439954696
6.533291214734599,5.283608920884068,0.7745688582182054
6.5476164489923505,5.297560329076531,0.7742688231177539
6.561946197841159,5.311508844089838,0.7739742139044667
6.576280120046463,5.325453084299013,0.7736795842773939
6.590618167517138,5.339393062023729,0.7733848410173847
6.604960331982637,5.353328757665138,0.7730898953198578
6.619306611319933,5.36726013530263,0.7727946240013902
6.6336571437751815,5.381186421817637,0.7724970388421764
6.647996176461489,5.395128471102958,0.772356896489741
6.662336345843855,5.409069269864075,0.7722219287803729
6.676678408472845,5.4230081208117795,0.7720869200154993
6.69102261700943,5.436945808708568,0.7719568280135413
6.705368338128282,5.450880903196196,0.7718218955748111
6.719703975062707,5.46482633820421,0.7717945394605092
6.734039934098135,5.47877143675449,0.7717675317294138
6.748376270053252,5.492716144099334,0.7717405166082651
6.7627129807607345,5.506660462810813,0.7717135041515052
6.777046299378663,5.52060826522774,0.771720305255117
6.79137950324254,5.534556182971823,0.771727221790478
6.805712609839951,5.5485041991484865,0.7717341423525038
6.820045618722238,5.562452314982453,0.7717410701672244
6.834378530151595,5.57640053099936,0.7717480055055329
6.848713303086127,5.590346966370292,0.7717400006608519
6.863049424083292,5.604295980114733,0.7717373130718306
6.877385483307941,5.61824566727504,0.7717422422038323
6.891719643661473,5.632193587329611,0.7717376097884805
6.906054117856009,5.646140211923032,0.7717310240976475
6.9203911443032835,5.6600842132063205,0.7717023689960145
6.934728584230311,5.674027793520081,0.7716736413296713
6.949066426561851,5.6879709640702405,0.7716449126413787
6.9634046719063125,5.701913724100377,0.77161617944268
6.97774332037705,5.715856073206309,0.7715874400176339
6.992084164785685,5.729796167590786,0.7715425993104726
7.006425645264884,5.7437356104765085,0.7714976972132038
7.020767753463688,5.757674409569306,0.7714527861761836
7.0351104895311405,5.771612563931981,0.7714078642400931
7.049453853244964,5.785550072955719,0.7713629310286547
7.063798506798251,5.799486254598694,0.7713120382368513
7.078143873471229,5.813421701213517,0.7712611152283457
7.092489949875709,5.827356415396007,0.7712101825144555
7.106836735775315,5.8412903966367935,0.7711592407108941
7.1211857904859,5.855222039570689,0.7710942838035506
7.135535756569618,5.869152740420574,0.7710292752722443
7.149886626521799,5.883082506316539,0.7709642634601159
7.164238400324806,5.8970113369897685,0.7708992491840132
7.178590976177428,5.910939795879586,0.7708414039763672
7.192944393445918,5.924866989929236,0.7707764668363984
7.207298310161652,5.9387936008807145,0.7707156427893026
7.221653070283692,5.952719338726982,0.7706548356230473
7.236008675539166,5.966644202837195,0.770594032268753
7.250365125941859,5.980568193770043,0.7705332341620083
7.26472183592877,5.994491915532368,0.7704777058537017
7.279079315358537,6.008414843525158,0.7704222011175522
7.293437567185204,6.0223369754758735,0.7703667025048118
7.3077965915977625,6.036258311884922,0.7703112100924393
7.322156388907611,6.0501788530761145,0.7702557231965085
7.336516959433298,6.064098599286012,0.7702002408019879
7.350877955353109,6.078017909608122,0.7701478912851286
7.3652396798733495,6.091936471781133,0.7700955536162872
7.379602134857348,6.105854284113368,0.7700432157036929
7.39396532046245,6.1197713464828745,0.7699908760061187
7.408329236854008,6.133687658599026,0.7699385327246564
7.4226936865795885,6.147603423879022,0.7698879606094846
7.437058841575633,6.16151846453983,0.7698373873223787
7.451424702724854,6.175432779127845,0.7697868055384605
7.465791269899372,6.189346367095392,0.7697362142293833
7.4801585429416315,6.203259227831926,0.7696856125352904
7.494526673969409,6.21717120349187,0.7696336297530961
7.508895530168658,6.231082430267998,0.7695816314578067
7.523265110529094,6.244992908307052,0.7695296224198998
7.537635414738113,6.258902637078923,0.7694776031163417
7.5520064424394855,6.2728116161581,0.7694255744736483
7.566379888389566,6.286718094684886,0.7693582866535505
7.580754277270988,6.300623595372403,0.7692909426889786
7.595129600939892,6.314528125958761,0.7692235949727444
7.609505859379078,6.328431686099465,0.7691562441731193
7.623882914753062,6.342335571491037,0.7690945874335167
7.638260404215584,6.356237194341408,0.7690334540506155
7.652638752805931,6.370138581677468,0.7689710130202263
7.667017968460002,6.3840390676196455,0.7689085749538106
7.681398050217786,6.397938654786361,0.7688461405642637
7.69577899814273,6.411837343650116,0.7687837110817403
7.710161873906499,6.425734037019337,0.7687117302819143
7.724545754006108,6.4396296903078225,0.7686397248328425
7.738930633780566,6.453524308893332,0.7685677266990235
7.753316513671758,6.46741789297036,0.7684957349662549
7.767703393959236,6.481310442863243,0.7684237490847904
7.782092442951054,6.495200750151445,0.7683412483211698
7.796482644565441,6.509089866473033,0.7682587171556291
7.81087399368452,6.522977797298998,0.7681761891173375
7.825266490736159,6.536864542330538,0.7680936617715162
7.839660135902679,6.550750101370034,0.7680111333656633
7.854054884312052,6.564634520720814,0.7679290075972045
7.868450775195666,6.578517759432397,0.767846878525031
7.882847808768305,6.592399816801595,0.767764743133166
7.897245984962162,6.606280692269064,0.7676825999531276
7.91164530364882,6.6201603852108395,0.7676004477164085
7.926045517032006,6.63403915160827,0.7675205173860097
7.940446840311254,6.647916767521735,0.7674405836066741
7.954849274317836,6.661793231132998,0.7673606386553262
7.969252818656283,6.675668541855769,0.7672806827670713
7.983657472940381,6.689542699109448,0.7672007163745176
7.998063121068073,6.703415822396163,0.7671217835900822
8.012469863297165,6.717287806884482,0.7670428455816032
8.026877699750388,6.7311586517088395,0.7669639002700773
8.041286630017032,6.745028356673156,0.76688494935192
8.055696653737893,6.758896921672157,0.7668059946088374
8.070107942312887,6.772762835967665,0.766723792085626
8.084519918071551,6.78663099025081,0.7666532778312869
8.098933205575385,6.800496156828259,0.7665737603519187
8.113347598348872,6.814360165143108,0.7664942485379943
8.127763091613124,6.828223026091901,0.7664147398755357
8.14218001206842,6.84208440072226,0.7663322867997077
8.156598075481064,6.8559445847789515,0.7662498296110541
8.171017280479555,6.869803580227512,0.7661673788240487
8.185437627301464,6.883661387430429,0.7660849345610239
8.199859116167557,6.8975180067753525,0.7660024967955124
8.214283510669116,6.911371604989852,0.765904143366065
8.228709276617584,6.925223777438459,0.7658057435614789
8.243136406143385,6.939074532518455,0.7657073492363963
8.257564899776419,6.952923869935708,0.7656089578336944
8.27199475771254,6.966771789610603,0.7655105677989302
8.28642635854907,6.9806178974394975,0.7654087585956403
8.300859373070075,6.994462535795518,0.7653069361890911
8.31529379958133,7.008305706042914,0.7652051101668206
8.329729638130045,7.022147407605339,0.7651032785603004
8.344166888629312,7.035987639894484,0.7650014398020355
8.358605228314472,7.049826738399783,0.7649025085235531
8.37304493769977,7.063664410011613,0.7648035771082708
8.387486017985246,7.077500652501448,0.7647046350742505
8.401928468774642,7.0913354652143825,0.7646056821959891
8.416372289679012,7.1051688474570085,0.7645067183866046
8.43081729654776,7.119000990195913,0.7644094054122931
8.445263648805854,7.132831726149593,0.7643120878174331
8.459711346834046,7.146661053947652,0.7642147610503534
8.474160390137449,7.160488973211237,0.7641174265060794
8.488610778267448,7.174315483631813,0.7640200857013437
8.503063151286456,7.18813991635285,0.7639169452372188
8.51751695144969,7.201962852959778,0.7638137832255647
8.5319728258916,7.215784403773258,0.7637138575387271
8.54643297299871,7.229605448980585,0.7636074863548085
8.560891035089334,7.243423967184584,0.7635044912322478
8.575351608071934,7.257239805294518,0.7633915501553536
8.58981374468462,7.271054003402034,0.7632785803162682
8.604277439958766,7.284866567484204,0.7631656166129149
8.618742694109462,7.298677497700086,0.7630526591295487
8.63320950721418,7.312486794399834,0.7629397083390093
8.647678863500724,7.326293428250704,0.7628178499064555
8.662149906695744,7.3400982952059035,0.7626959690600128
8.676622632429893,7.353901400095524,0.7625740948100181
8.691097041031682,7.367702742839589,0.7624522255293428
8.705573132650681,7.381502323443579,0.7623303599851281
8.720052303252144,7.395298679546284,0.762195844426507
8.734533338160283,7.409093082893021,0.762061288401487
8.74901623097708,7.422885539717138,0.7619267322118394
8.763500981901402,7.43667604928758,0.7617921731085007
8.777987590824955,7.4504646110309825,0.7616576093486495
8.792476232530786,7.464251040752695,0.761521452283933
8.80696675450344,7.478035497369029,0.7613852823395889
8.821459155616962,7.49181798091803,0.7612491035821478
8.83595343551205,7.505598490543761,0.7611129149701448
8.850449593737336,7.5193770254111865,0.7609767159094579
8.864948363198055,7.533152814287904,0.7608338488119752
8.879449105052858,7.546926526508144,0.760690949522372
8.893951815332002,7.560698164785559,0.7605480406419498
8.908456493540779,7.574467728291943,0.760405122480276
8.922963139051198,7.588235216422066,0.7602621961654645
8.937473004643387,7.601999310140244,0.7601078770591844
8.951984998848763,7.615761155926058,0.7599535158351345
8.966499115310707,7.629520759399718,0.759799152084099
8.981016843496947,7.643277885981934,0.7596455418514046
8.995541664440646,7.657029605089369,0.7594532177385185
9.0100687200378,7.670781776627087,0.7592773651606428
9.024599563198697,7.684524616394126,0.7590632928685118
9.039129124105996,7.698263966545707,0.7588684188423306
9.053660401039366,7.712005462699375,0.7586927800871633
9.06819420976355,7.725744247402837,0.7585168924747853
9.082732148176145,7.739478665447368,0.7583254144542769
9.097272723655967,7.7532102916986,0.7581338922897262
9.111815928145965,7.766939134311072,0.757942377698039
9.12636176178065,7.7806651928777315,0.7577508690096647
9.140912443454113,7.794386120861097,0.7575391527258117
9.155466041442955,7.808103958672349,0.7573273747726282
9.170022545289118,7.8218187164446515,0.7571156009488869
9.184581955065415,7.835530393188294,0.7569038281473446
9.199144270413383,7.849238988215397,0.7566920546746106
9.213710917473625,7.862942989074342,0.7564672699128823
9.228280653976023,7.87664370952448,0.7562424387579075
9.242853472761444,7.890341155328218,0.7560176027831829
9.257429373386135,7.904035325071198,0.7557927594933199
9.272008355083823,7.917726217543207,0.7555679075990794
9.286591255817012,7.931412940635891,0.7553353878003712
9.301177344497475,7.945096267820828,0.7551028328048517
9.31576661627213,7.958776201806165,0.7548702676841053
9.330359070229113,7.972452741139451,0.7546376918326337
9.344954705272977,7.986125884569495,0.7544051055852569
9.35955549066037,7.999793533329765,0.7541544975909138
9.374159709967525,8.013457510442777,0.7539038224040747
9.388767352924294,8.027117824260115,0.7536531411362495
9.403378418647742,8.040774473384142,0.7534024539082637
9.417992905942,8.054427456896605,0.7531517623858367
9.432619916999068,8.068062114096017,0.7528055255705881
9.447249494402335,8.081699343894039,0.7524921260365938
9.461883355408487,8.095331578814541,0.7521777902394801
9.476521499640608,8.108959208452905,0.7518634507545986
9.491163924897696,8.122582234821621,0.7515491140259535
9.505820808941296,8.136181047217937,0.7511070658602226
9.520482971406715,8.14977927139778,0.7506926456293828
9.53515020716626,8.163375623403235,0.7502968805462498
9.54982283567365,8.1769661553943,0.7499010892548401
9.564500841761774,8.190550879766201,0.7495053034329625
9.579189477356296,8.204124144682956,0.7490612331023202
9.593884164653135,8.217690860150975,0.7486170107022518
9.608584877146178,8.23125104934981,0.7481727956252758
9.623291613254622,8.24480470878708,0.7477285829115118
9.638004370448341,8.258351835860955,0.7472843710814637
9.652739870802069,8.271873710876427,0.746683829776686
9.667483630589476,8.285387234599845,0.7460845022628227
9.682235483040978,8.298891926760039,0.7454851799524265
9.69699542917591,8.312387776647276,0.7448858517412851
9.711763463823928,8.325874778934152,0.744286516069846
9.726562200108095,8.339327486224033,0.7434743651199633
9.741372136214139,8.352768721543054,0.7426637019933483
9.75619295703968,8.366197953103935,0.7418530397683614
9.771024661343535,8.379615164796336,0.7410423660125569
9.785867239195971,8.393020347160384,0.740231680563079
9.800752418152681,8.406376207837631,0.7391142403441152
9.815653248055602,8.419717091020873,0.7380023395250274
9.83056889716267,8.433041405083824,0.7368904622326163
9.845499351658049,8.44634912414021,0.7357785754017273
9.860444592790314,8.45964023140665,0.7346666801448593
9.875455010088535,8.47281421362763,0.7328730352414649
9.89048701070023,8.485953560757633,0.7310601320237989
9.905545783634961,8.49907440175309,0.7292828667166377
9.920626720211155,8.512157059525796,0.7274725280412376
9.935729250060955,8.525211283451075,0.7256582428356476
9.950919801871766,8.538140170127962,0.7231214733961917
9.966144249664625,8.551020626958747,0.7205185663627328
9.981400228489179,8.563861601939111,0.7179175909564549
9.996688080075613,8.576662296047175,0.7153208573615677
10.012009099643121,8.589423250390583,0.7127240674445131
10.027363196268512,8.60214436174207,0.7101272136397287
10.042853636117739,8.614658203424916,0.7062760054945874
10.058404224187019,8.62709232655377,0.7023208642641684
10.074003791285989,8.639464908546202,0.6983656838971047
10.089652159745581,8.651775671981138,0.6944103849185509
10.105349092204865,8.664024416727983,0.6904549678315589
10.121249072518724,8.675973224278632,0.684605028860145
10.137241382375612,8.687761831666998,0.6784737443346825
10.153305583440792,8.699452617503926,0.6723438409245104
10.169441279744687,8.711044996290264,0.6662149463493301
10.185818378631316,8.722215868079296,0.6575027362408774
10.202366670555229,8.733129920058856,0.6482733873262773
10.219010437343066,8.743886836140392,0.6390479962065547
10.235752748051206,8.754489788024893,0.629822639071895
10.252592166321598,8.76493783303566,0.6205972418305497
10.269527258778453,8.775230081314396,0.6113718078524736
10.286556583951851,8.785365656676088,0.6021463412947303
10.303870692931739,8.794909580416396,0.5890525582203476
10.321505916297003,8.803808275656143,0.5740475132575222
10.339272304714289,8.81244199267533,0.5590431018029226
10.357356085007929,8.82039355724722,0.5401364583864395
10.375777962749995,8.827474302250291,0.518826626588109
10.394341355646683,8.834150705620344,0.49749774077261255
10.413042854677407,8.840429767556527,0.47616887204850117
10.431874018223182,8.846308543235283,0.4548399493725271
10.450826280261396,8.851784356907862,0.43351097570184216
10.470094199248065,8.856521383501857,0.40813210492001106
10.489838689273276,8.859930861210385,0.37858533165979047
10.50946489924224,8.862444130646498,0.34772502746114886
10.529158246305391,8.864350334473603,0.3168598894799401
10.549217521707087,8.86533562686063,0.2825631264534908
10.56956408813022,8.864955010718331,0.24475181131825963
10.58952630331558,8.863450185958788,0.20525532651120754
10.609314746904452,8.861073413763556,0.16530571963872237
10.62899190552041,8.857907232963287,0.12535465680243044
10.64852525958874,8.853955779190912,0.08540077154670549
10.667454085967346,8.849539794493582,0.047039025754683876
10.685016031389226,8.844709317647899,0.012380262204500144
10.700702642956399,8.839788672839523,-0.020308500347291168
10.714479012051777,8.834834406186191,-0.05117983433153553
10.72679981097827,8.830048855334434,-0.08085409715919088
10.738063916184974,8.825849679339413,-0.11137390639085101
10.748251772301549,8.822382840525563,-0.1433276781296013
10.757202219301973,8.819876687330328,-0.17846817722104177
10.76438014313411,8.818151784751139,-0.2153241224015074
10.769668878632883,8.817091478702082,-0.2526602080338227
10.773070919892264,8.81662293596205,-0.2892390486849953
10.774706122321557,8.816764209048037,-0.3244518765280041
10.774788663931778,8.817721066847206,-0.3588245032206813
10.773321755426725,8.81929237329258,-0.3904731309806307
10.770333745517961,8.821573562738829,-0.41947433816304497
10.7658524035331,8.824732497424087,-0.4467055779050933
10.759879268607733,8.828810742549516,-0.4718719297941231
10.752392487551502,8.83366029922832,-0.4955723265817188
10.743378708937763,8.83921487895331,-0.5179876463103458
10.732845617359638,8.845498201414372,-0.538985039632499
10.720748393877308,8.852363676741675,-0.5567787211627522
10.707152517799132,8.859736304783924,-0.5707774231730781
10.692054952172754,8.867860893380808,-0.5825663602229348
10.676613684681378,8.876772611971155,-0.5890639348964658
10.661287716443052,8.88668368358163,-0.5910210342162192
10.645547518812785,8.897537873724122,-0.589341230063959
10.62949659757551,8.909113342319452,-0.5843700347000879
10.613358153690923,8.920719320325158,-0.578824329084454
10.597386723700778,8.932466529665836,-0.5710066249904502
10.58135355033165,8.944138933642153,-0.5627632070633277
10.565224400120005,8.955678644126587,-0.5545202741335664
10.549000664336182,8.967085013322546,-0.5462773770249443
10.532683449826887,8.978357266664931,-0.5380345110577404
10.516157119000248,8.989335836077698,-0.5312889892216129
10.49952326546767,9.000184763334785,-0.5246782882816988
10.48281800725731,9.010923568354693,-0.5180673090454699
10.466042112934623,9.021551702652525,-0.5114563509083814
10.449196318120647,9.032068700118412,-0.5048454167944345
10.432184513513002,9.042331740798042,-0.4995204194992654
10.4150908969327,9.052490954280056,-0.4943085918842013
10.397944502087324,9.06256103167951,-0.4890963992741457
10.380745854541516,9.072541598003589,-0.4838842220372288
10.36349542189792,9.082432382036592,-0.47867206513857113
10.346193672665853,9.09223311567018,-0.4734599298464338
10.328841076875433,9.101943533146818,-0.46824781725971604
10.311402347631363,9.111494766226802,-0.4636146296918
10.293904779485134,9.120965712141139,-0.4589976300229923
10.276363676946,9.130355810389158,-0.4543806060076397
10.258780647866763,9.139666829886561,-0.44974717877170184
10.241160187675275,9.14889493738503,-0.4451119279914893
10.223491570408891,9.158042684371866,-0.44047760662650176
10.129400802278939,9.207633121062074,-0.4074967598708801
10.129406210375718,9.20763276036333,-0.4074935757546962
10.129410601159199,9.207632582575195,-0.4074909571758496
10.129415375641036,9.207632303993007,-0.40748819039349204
10.129420784102388,9.207631944059466,-0.4074850035961599
10.12942517482799,9.207631766241473,-0.40748238546492976
10.129429949110001,9.207631487103807,-0.4074796205434584
10.129435357800627,9.207631127638663,-0.40747643214433416
10.129439748496285,9.207630949804804,-0.4074738143092793
10.129444522662245,9.207630670332403,-0.40747105054515137
10.129449931499947,9.207630311155079,-0.40746786120111295
10.131144321802326,9.206847802931643,-0.40777571320995587
10.136208059610242,9.20450319775207,-0.40870089394105075
10.144644104540722,9.200599098750956,-0.410162340690421
10.156452847138166,9.195131655973615,-0.41207584143126574
10.170892089288744,9.188122188519545,-0.4161291856723244
10.18612060565618,9.179578014486243,-0.42646813668481914
10.201966841075606,9.16941449080589,-0.4431193849757117
10.218060605754134,9.158047245512805,-0.46372999737087334
10.234108133189617,9.146571581260606,-0.482572118395853
10.249971705388939,9.134803425600321,-0.5012790590220237
10.265628074202573,9.12273758150741,-0.5199859792308671
10.28106952669721,9.110384724742872,-0.5386927338935981
10.296285872743143,9.097757672259936,-0.5573993103223805
10.311659959113566,9.085606812900346,-0.5706747887716049
10.327936942337368,9.073701812491294,-0.5788830986070111
10.344701743447676,9.061654445433367,-0.5866884971583272
10.361805405113993,9.049499405365754,-0.594224633408511
10.379244173557472,9.037229245643049,-0.6015015246023097
10.39602296496207,9.024792818615815,-0.6085869215915507
10.412055403341027,9.012897575484594,-0.6120896951828434
10.428328108049088,9.001268872110996,-0.6131406382269629
10.44458833982465,8.989621890048028,-0.6141935304983922
10.461167883905546,8.977848937109608,-0.6150193819435559
10.477715167504941,8.966296697445738,-0.6144249695110752
10.494215340488884,8.95496321561666,-0.6128721487760692
10.510717725592174,8.943662256178886,-0.6113203387247137
10.52723761308129,8.932386918749124,-0.6097684707462745
10.54377497854669,8.9211372334759,-0.6082165916316974
10.560316134812684,8.90989356791525,-0.6068144915276938
10.576872977645335,8.898673014390512,-0.6054128529164322
10.59344553531717,8.887475683866699,-0.6040111899063405
10.61003377332373,8.87630159486902,-0.6026095137547887
10.62663765947402,8.865150769267986,-0.6012078249928887
10.643197909857067,8.853934579622674,-0.6004836683861695
10.659763177260912,8.84272792755145,-0.5997719367148009
10.676336426057125,8.831533073905304,-0.5990601735013057
10.692917640803339,8.820350018849783,-0.5983484057806014
10.709506812969545,8.80917876773188,-0.5976366359982137
10.726063125308242,8.797958572677475,-0.5973850801368247
10.74262138746603,8.786741992558783,-0.5971365920353622
10.759182440895682,8.77552953477541,-0.5968880864637162
10.775746280721874,8.764321190731287,-0.5966395903113826
10.792312905416836,8.753116960781812,-0.5963911056050569
10.80886496521672,8.741891284958335,-0.5963359802788412
10.825417563056869,8.730666398670055,-0.5962814792190875
10.841970774858693,8.719442417111665,-0.5962269786646744
10.858524596992067,8.70821933575353,-0.5961724932986158
10.875079028915769,8.696997154604542,-0.5961180228871846
10.891629745153185,8.685769499211563,-0.5961117803542216
10.908180509410808,8.674541915996722,-0.5961057027873984
10.92473134052115,8.66331443388098,-0.5960996328161243
10.941282237570727,8.652087051958242,-0.5960935720389767
10.957833200506665,8.640859770469802,-0.5960875181958404
10.97438456887355,8.629633090062377,-0.5960776842719427
10.990937902647593,8.618405982455803,-0.5960664276572019
11.007490362918718,8.607179508105471,-0.5960567316224059
11.024044561855815,8.595953393995178,-0.596035854330235
11.040600370131262,8.584725260248309,-0.5960265295820175
11.057156544703757,8.573501055761255,-0.5959944554579822
11.073713257877404,8.562277437971028,-0.5959617952261078
11.090269193933048,8.55105453528473,-0.5959327297230164
11.106823432220152,8.53983209825972,-0.5959102546629721
11.123377912739949,8.528610025684232,-0.5958878314875871
11.13993309317496,8.517388984517593,-0.5958604136229952
11.156496248323483,8.50617040313951,-0.5958101984257494
11.173052345403581,8.494950546441036,-0.5957826364038558
11.189608714544022,8.48373125401508,-0.5957551504774535
11.206165395345078,8.472512417193757,-0.5957276587458085
11.222722679778794,8.46129446764442,-0.5956968918129845
11.239280312244144,8.450077028328161,-0.5956661155586183
11.255838291210196,8.43886009697204,-0.5956353429164198
11.272396616404393,8.427643673341839,-0.5956045759644037
11.288955287426138,8.41642775714929,-0.5955738168888706
11.305514598046656,8.405212782310008,-0.5955397850137246
11.322074291682858,8.393998370855362,-0.5955057542724038
11.338634366500678,8.382784520666831,-0.595471736537357
11.355194822009963,8.3715712317164,-0.5954377324050553
11.371755657683586,8.360358503960153,-0.5954037422482975
11.388317177476202,8.349146786828678,-0.5953663684860262
11.404879115979492,8.337935689385475,-0.5953289972735647
11.421441471475859,8.326725209742172,-0.5952916385174817
11.438004243726523,8.315515348167724,-0.5952542904771476
11.454567432532144,8.304306104896474,-0.5952169512975996
11.471134812153688,8.29309828115924,-0.5951599222427381
11.487699633782398,8.281891407165405,-0.595116400780157
11.504264916079858,8.270685266749084,-0.5950729031991399
11.520830683767972,8.259479847955358,-0.5950294072040945
11.537396865491377,8.248275044688778,-0.5949867128814993
11.553963524163697,8.237070949618193,-0.5949440176203251
11.570530660495772,8.225867563442112,-0.5949013167476155
11.587098274909392,8.214664886319046,-0.5948586085801884
11.603666367860194,8.203462918376168,-0.5948158917778885
11.62023493980493,8.19226165968535,-0.5947731654519598
11.63680399148995,8.181061110716248,-0.594730425747108
11.653373523045317,8.16986127102515,-0.5946876761917768
11.669943534811994,8.158662140505374,-0.5946449173744982
11.686514027060275,8.147463718998148,-0.5946021503333798
11.703084999975642,8.136266006296488,-0.5945593765227661
11.719656453649588,8.125069002153289,-0.594516597751498
11.736228472808902,8.1138728316131,-0.594472869269789
11.752800983596014,8.102677385343204,-0.5944291372091397
11.769373985428803,8.09148266247486,-0.5943854070041299
11.785947478021718,8.080288662730812,-0.5943416809631414
11.802521641600364,8.069095653047139,-0.5942959427066491
11.819096318521996,8.057903400676686,-0.5942502066210357
11.835671507485399,8.046711904199366,-0.5942044810353
11.852247207983556,8.035521163493698,-0.5941587672604031
11.868823597216842,8.0243314415463,-0.5941110790414911
11.88540051992956,8.013142509392233,-0.5940633980083437
11.901977974815033,8.001954365852153,-0.5940157306836101
11.918555961426552,7.990767011040576,-0.5939680765380702
11.935134479348651,7.979580445084939,-0.5939204347139064
11.951713528242761,7.968394668166726,-0.59387280390986
11.96829310785911,7.957209680515158,-0.5938251824296625
11.98487672412129,7.946025811844106,-0.5937619318598281
12.001457725065213,7.934842920094548,-0.5937123722712622
12.018039267476867,7.923660851651876,-0.5936628186286959
12.034621362022397,7.912479605697873,-0.5936132673808026
12.051204009030942,7.901299182502341,-0.5935637159844269
12.067787357138272,7.890119802186046,-0.5935125020870823
12.084371277595782,7.878941273717115,-0.5934612781754787
12.10095577015622,7.867763596312152,-0.5934100477086678
12.117540835281257,7.856586770170957,-0.5933588090434915
12.134126730263581,7.845411176236342,-0.593304686070289
12.150713231982605,7.834236483219502,-0.5932505441384043
12.167300339704937,7.823062689397469,-0.5931963924062166
12.183888053824575,7.811889794772222,-0.5931422310348798
12.20047637462454,7.800717799222629,-0.5930880608755342
12.217065585329838,7.789547122465063,-0.5930307139384164
12.233656453691564,7.778377883853271,-0.5929702879689457
12.25024818015026,7.767210004826144,-0.5929080043324817
12.266840592159127,7.75604316278298,-0.5928457537998665
12.283433938811665,7.744877690315649,-0.592780792918267
12.300028006095902,7.733713295446011,-0.5927156589529188
12.316622772217677,7.722549947189322,-0.592650476517736
12.333218233219556,7.711387648597896,-0.5925851726724272
12.349815125712949,7.7002257864402015,-0.592522115450306
12.366411853096178,7.689064587972868,-0.5924584066293132
12.383008345193792,7.677904703033187,-0.5923984165670484
12.39960558912846,7.66674593530352,-0.5923374951618534
12.416203512088735,7.655588177459657,-0.5922765842360954
12.432802113193281,7.644431429009581,-0.5922156866991891
12.449401391992192,7.633275690092983,-0.5921548018229249
12.466001416822818,7.622121063060463,-0.5920931577626808
12.482602127552044,7.610967459242374,-0.5920315212747214
12.499206911171878,7.5998149104329995,-0.5919558355596909
12.515809178508626,7.588663598579771,-0.5918941573684255
12.532412715115864,7.577514209517552,-0.5918256714125375
12.54901701577966,7.566365962507937,-0.5917571674093648
12.565622078314187,7.55521885376846,-0.5916886648141316
12.58222790305778,7.544072883765805,-0.5916201606139064
12.598834490309745,7.532928052785997,-0.5915516524880603
12.615441840423433,7.521784361079822,-0.5914831383951186
12.632050095153533,7.510642019317087,-0.5914130298301807
12.648659131859565,7.499500844550507,-0.5913429073313996
12.665268950320655,7.488360835935042,-0.5912727751997017
12.68187955094015,7.477221993552489,-0.5912026329891031
12.698490934054647,7.466084317387944,-0.5911324808699135
12.715103625008515,7.45494858967664,-0.5910564225414875
12.7317171669625,7.443814129678168,-0.5909803374976754
12.748332558268505,7.432681493952196,-0.5909006920990321
12.764949231290863,7.421550597826866,-0.5908180758445227
12.781566823685568,7.41042110116946,-0.5907354479354676
12.79818579493256,7.399293630347619,-0.5906477954889429
12.814805731521808,7.388167604260051,-0.5905601151464747
12.831426620134488,7.377043007819702,-0.5904723966600829
12.848048454122257,7.365919832254445,-0.5903846053531117
12.864672127507527,7.354797829342138,-0.5902960433720497
12.8812994219344,7.343675349859432,-0.5902111709881906
12.897927888311372,7.332554794899429,-0.5901296384400715
12.914556930983395,7.321435151004765,-0.5900502090017063
12.931186780272636,7.3103168009671755,-0.5899710553234478
12.947816947354331,7.299199229586526,-0.5898962631093884
12.964445628003206,7.288083001920029,-0.5898216770283472
12.981072843297055,7.2769689664079795,-0.5897462605263575
12.997700911623804,7.265856186132941,-0.5896708393229453
13.014333418637447,7.254744863385021,-0.5895810290003468
13.030963331427328,7.243634842853333,-0.589505550276817
13.047594075410242,7.232526075589708,-0.5894300726800701
13.064225987134288,7.221419059620534,-0.5893508683000395
13.080858778287212,7.210313364158447,-0.5892716540800893
13.097492447580567,7.1992089873043765,-0.5891924394842304
13.11412699531704,7.188105929462573,-0.589113221819533
13.130763256020769,7.177005439314129,-0.5890246014557714
13.14740050386915,7.16590643101521,-0.5889359444054979
13.164038735544658,7.154808899158171,-0.5888472794884803
13.180677951549171,7.1437128441291105,-0.588758604982837
13.197318152223422,7.132618266037375,-0.5886699203480205
13.213960185558786,7.121526434712211,-0.5885716699479923
13.230603313886,7.110436245457147,-0.5884733797560364
13.24724753363501,7.099347692501047,-0.588375081490416
13.263894104257282,7.088261487894312,-0.5882713553514256
13.280545222319185,7.077178367969661,-0.5881517094184067
13.297199019886788,7.066097788356255,-0.5880256721918039
13.313855029351586,7.0550183284616805,-0.5879036662289164
13.330512887092514,7.04394075336763,-0.5877812194083681
13.347171205487179,7.032865445149286,-0.5876593995999321
13.363831216960948,7.021792017387651,-0.5875372617440575
13.38049401524471,7.010721796604023,-0.5874041742456481
13.397157757282134,6.999653853570887,-0.5872722251613107
13.413825889042208,6.988585855914394,-0.587145105816928
13.430493277826113,6.977522477650469,-0.5870042131387786
13.447161451231697,6.966461114271887,-0.5868655312548017
13.463830420150686,6.9554010476254255,-0.5867344729872659
13.4805007334079,6.9443431414100845,-0.586603792031236
13.497169569408703,6.933287429646857,-0.5864822814772563
13.513837049397754,6.92223386145101,-0.5863701173609323
13.530505391337195,6.911181575166086,-0.586262500536086
13.547174918912969,6.900131079773151,-0.5861549066317189
13.563846106651742,6.889081781654591,-0.5860463850230646
13.580521394058342,6.878035578383912,-0.5859243992952387
13.597194657719218,6.866990725958406,-0.5858167638750124
13.61386910663785,6.855947671056153,-0.5857091313646368
13.630546762231903,6.844909456873316,-0.5855786298629098
13.647225866537429,6.833873434989809,-0.5854480524096204
13.663906410844186,6.822839592069857,-0.5853174705903706
13.6805883956921,6.811807928994406,-0.5851868810305633
13.697271821280324,6.800778446060316,-0.5850562824846678
13.713958835382897,6.789754386083969,-0.5849013318097689
13.730647568315378,6.778732928469728,-0.5847462945642254
13.74733801066053,6.76771405880017,-0.5845912493250585
13.764030162737326,6.756697777785206,-0.5844361949920417
13.780725612332052,6.745686486394527,-0.5842631166643768
13.797422976551138,6.734678096165127,-0.5840899753433062
13.814124903429283,6.7236738829401705,-0.5839056188362628
13.830832231684479,6.712672857814773,-0.5837119953225622
13.847542176363257,6.701674511206393,-0.5835205201022496
13.864254446172891,6.690679276501304,-0.583328824473365
13.880970037102047,6.679688279319019,-0.5831277127571056
13.897686940474019,6.668700870055812,-0.5829272052397515
13.914405459310215,6.657717114563807,-0.5827271088928953
13.931127502152554,6.6467357451948645,-0.5825231738458497
13.947851608307925,6.6357574236438435,-0.5823190604920013
13.964577719518804,6.624782197345153,-0.5821170945212227
13.981306035404334,6.61381033569341,-0.5819151674775235
13.998036555621894,6.602841843968186,-0.5817132881346609
14.014767999226832,6.5918766509999625,-0.5815154883543132
14.031498228260103,6.580918383268372,-0.5813101965122105
14.04823088351651,6.5699636761959885,-0.5811046288807181
14.064965789541295,6.5590124088737864,-0.5808990711230904
14.081702944313475,6.548064581716456,-0.5806935206572623
14.09844685949872,6.537120212306757,-0.580470341995333
14.115188717558045,6.526179547734538,-0.5802647290828744
14.131934453186055,6.515244851037193,-0.580040406880036
14.148682647301776,6.504313924152063,-0.5798160252366421
14.165433292361918,6.493386756370797,-0.5795916416958727
14.182186388229793,6.482463348905738,-0.5793672526752399
14.198941934519349,6.471543702495226,-0.5791428563241138
14.215705696738857,6.460636638451204,-0.5788524956067295
14.232472652158927,6.449734485500265,-0.5785619180866057
14.249242774617594,6.438837204854445,-0.5782713351508837
14.26601606413717,6.427944798964157,-0.5779807418742058
14.282792519674173,6.41705726867448,-0.5776901387352327
14.299583100233816,6.406186007855947,-0.5773075086317053
14.316379422898374,6.39532315415478,-0.5769070221450736
14.333181337564273,6.384465204382538,-0.5765173359312784
14.349987929821285,6.373613618862401,-0.5761273272009885
14.36679938565499,6.362768403456503,-0.5757368926263609
14.383627091464097,6.351948287528442,-0.5752086650169579
14.400461197760984,6.341137092797744,-0.5746798173010257
14.417300776632125,6.330337568904188,-0.5741363290592761
14.434148132580242,6.319538458165202,-0.5736351771245071
14.451000721995815,6.308747764792678,-0.573133249177968
14.467874524014642,6.297981649758725,-0.5724843884356031
14.484753628300759,6.287230705956114,-0.5718167896563838
14.501639851405987,6.276490919741738,-0.5711491530163887
14.518533742999526,6.265762365423533,-0.5704797510874808
14.535437205604564,6.25504515450499,-0.569802193266979
14.552377610752446,6.244373794955742,-0.5688549845393
14.569325447045962,6.2337224932266935,-0.5679054219670457
14.586276670938092,6.223084592760987,-0.566983287030362
14.603248774986902,6.21246038235215,-0.5660299890379356
14.620234479980375,6.201855879991947,-0.5650432337040994
14.637252964742562,6.191303372937086,-0.563791345666833
14.654305360560413,6.180778518167774,-0.5624373319698701
14.671370767386014,6.170277276946761,-0.5610846821119814
14.688450733014722,6.159799044239313,-0.5597317253226456
14.705533282349055,6.149357145462003,-0.55835100189365
14.722673118656303,6.139012595963498,-0.5564334789662425
14.73981505016342,6.128706165065167,-0.554545264082398
14.756976451804347,6.118432286072692,-0.5526564407277004
14.77415722990593,6.108190843266785,-0.5507675988437528
14.79148215359911,6.098089129813845,-0.5478750994962317
14.808864948885065,6.088054646773631,-0.5448390006557273
14.826279859993736,6.0780703586543545,-0.5418089574499151
14.843724295655932,6.068138825879174,-0.538782988081695
14.86119842089379,6.058259888173045,-0.5357611959420466
14.878700725662702,6.048433626680718,-0.5327447572501203
14.896262442594578,6.038826271704732,-0.5286825133777773
14.913866479563136,6.029311486729629,-0.524541857167806
14.931491420149614,6.019849097518918,-0.5205636873769981
14.949154129035938,6.010456224076986,-0.5165873385262317
14.966854415236869,6.0011329751431655,-0.5126133114864976
14.984748544446735,5.992129842523968,-0.5067126638155126
15.002697457374635,5.983270987793761,-0.5006748960963954
15.020700921386295,5.974520048617518,-0.49464171488824155
15.03875737538511,5.965877174221379,-0.4886114329626033
15.057029412500071,5.95763295068221,-0.4804039898630211
15.075395320479219,5.94961535802686,-0.47179900482254816
15.093829152716264,5.9417555282919645,-0.46319430798975997
15.112330148804954,5.934054156679797,-0.4545909809540604
15.130896927792687,5.9265119220916604,-0.445988823400894
15.149528046904354,5.919129478970615,-0.4373874523501713
15.168449431645191,5.912344540116971,-0.425429912511254
15.18742829658983,5.906151482008674,-0.4116332287260752
15.206341573392796,5.900428662153565,-0.39710588874167935
15.225332924530992,5.894982192084728,-0.38257567569453294
15.24461070762988,5.890284513127107,-0.36416712816844526
15.263975996912869,5.886506398208985,-0.343085920179817
15.283414504537589,5.8831406696500474,-0.3219922338139639
15.302919676927397,5.8801857050451884,-0.30089844648456926
15.322482839321008,5.877642819363126,-0.27980456581167185
15.342095286823612,5.875513145759689,-0.25871059430754073
15.361748292208809,5.873797633382542,-0.23761653548946748
15.381691691587578,5.872885757197289,-0.21307194376519178
15.401675646467384,5.873181851232522,-0.18479484708266217
15.42141643273862,5.874245096381987,-0.15548592867577435
15.44052675794158,5.875773064571717,-0.12809244741741221
15.458339263670554,5.8777776642835455,-0.10440499274257617
15.474296470696855,5.8800543270141405,-0.08232214148486446
15.488366044436047,5.882428717848603,-0.061103364968032085
15.500574983429141,5.884890042036562,-0.04080448714708553
15.51165103975086,5.887543026793954,-0.021258149347263944
15.521570870404343,5.89021156331247,-0.0034268752383877776
15.529711710306998,5.892760255724409,0.013710885440586991
15.53596221672642,5.895173482542541,0.030252356944500833
15.540351485990913,5.8974107040453605,0.04613518421527747
15.54328904632329,5.899273449384176,0.06225239959242869
15.54512551480867,5.900603166712249,0.07922445476736983
15.545324086867103,5.901586301212772,0.09643647832336803
15.543904464522857,5.902246984192272,0.11384217444359185
15.540915071170762,5.902614429375536,0.1311221430881215
15.536360326288822,5.902650887240148,0.14850115253537066
15.530316140520759,5.902238374343082,0.1663369009412875
15.522722428664403,5.9014732066610796,0.18403156241054727
15.513559814567147,5.900363625849496,0.2017517013827282
15.502812601200251,5.89886427157569,0.21935848430520083
15.490515809556006,5.8969370061483755,0.23618793549158087
15.476669831255926,5.894469298443483,0.25167441436249555
15.46126238327452,5.891606707657137,0.26651438443539943
15.444275918426596,5.888542327290055,0.2817241607028367
15.425696320427456,5.885213881813682,0.29722394201730096
15.406631945245335,5.881194962046998,0.30940386056412117
15.38742655883882,5.876449264094897,0.3188927145164231
15.368247230243286,5.871501458582432,0.32827998022946436
15.349116481555566,5.866374559754885,0.33767138232644883
15.330034699472572,5.861067966920164,0.34706199956683476
15.31118565956595,5.8551639186819004,0.3530945799533912
15.292314147257068,5.8488410509113065,0.35734030081753887
15.192194680042396,5.813201892082831,0.3828380845990324
15.192198346805226,5.813200596655262,0.38283044967074836
15.192200618368481,5.81320094952544,0.38283098631698637
15.19220153143014,5.813200505862821,0.38282975416597
15.192206379535403,5.813199764642111,0.3828233524975131
15.192208157314758,5.813199155532299,0.3828214426639207
15.19220871625651,5.813198888773637,0.3828219750779903
15.192214538254433,5.813198933522273,0.38281773938012803
15.192215353545134,5.8131977397836865,0.38281393921026746
15.192216829658864,5.813196815900226,0.3828119878286688
15.192221928645058,5.813196660677229,0.38280799967653967
15.192223240279407,5.81319547585902,0.3828022511655124
15.192224995205768,5.813194935255723,0.38280269790047805
15.192230017238543,5.813194943749841,0.3827990660423464
15.192230992238951,5.8131933769796555,0.3827938486963634
15.19223316493714,5.81319304398791,0.3827934639161465
15.19223547239722,5.813192584651372,0.38279114056082814
15.192239139192926,5.813191289225914,0.382783506049545
15.192241411300888,5.813191641998671,0.38278404222376694
15.19224232437313,5.813191198185229,0.38278280986837937
15.192247172560975,5.813190456968798,0.3827764085978104
15.192248950405254,5.813189847653002,0.38277449826323257
15.192249509808269,5.813189580846908,0.3827750304127173
15.192255331916684,5.813189625582198,0.3827707951743379
15.192256147150847,5.813188431688803,0.38276699463623354
15.192257623819524,5.813187507741009,0.38276504296830566
15.19226272285943,5.813187352483379,0.3827610551898701
15.192264034472354,5.813186167649556,0.38275530663229007
15.192265789964694,5.813185626847061,0.38275575278414053
15.192270812056462,5.813185635302125,0.3827521212161725
15.192271786988888,5.813184068500375,0.3827469038717639
15.192273960292436,5.8131837353331175,0.3827465185249175
15.192276267751934,5.81318327596825,0.38274419527141296
15.192279934580489,5.813181980544989,0.38273656117734506
15.19228220723089,5.813182333220339,0.3827370968802126
15.192283120313684,5.813181889256546,0.3827358643208512
15.192287968584075,5.813181148044377,0.38272946344813824
15.192289746493275,5.813180538522542,0.38272755261246516
15.192290306357696,5.8131802716690055,0.38272808449728224
15.19229612857659,5.813180316390944,0.38272384971841866
15.192296943754199,5.813179122342725,0.3827200488119825
15.192298420977787,5.8131781983306,0.38271809685773894
15.192303520071391,5.813178043038319,0.3827141094529996
15.192304831662883,5.8131768581888785,0.38270836084886595
15.192306587721182,5.813176317187176,0.38270880641755317
15.192311609871927,5.813176325603174,0.38270517513976143
15.192312584736365,5.8131747587698515,0.38269995779689986
15.192314758645244,5.8131744254270705,0.382699571883363
15.19231706610416,5.813173966033869,0.382697248731667
15.19232073296555,5.813172670612807,0.3826896150548479
15.192323006158338,5.813173023190731,0.38269015028628295
15.19232391925168,5.813172579076581,0.38268891752293643
15.192328767604605,5.813171837868673,0.3826825170481241
15.192330545578647,5.81317122814078,0.3826806057113199
15.192331105904511,5.813170961239808,0.3826811373314383
15.192336928233866,5.813171005948385,0.3826769030121053
15.192337743354896,5.81316981174532,0.38267310173724145
15.192339221133418,5.813168887668866,0.38267114949669767
15.19234432028071,5.813168732341926,0.38266716246563753
15.192345631850754,5.8131675474768505,0.38266141381488633
15.192347388475074,5.813167006275915,0.3826618588003154
15.192352410684789,5.8131670146528345,0.3826582278127065
15.192353385481223,5.813165447787927,0.3826530104713257
15.192355559995551,5.813165114269596,0.38265262399100913
15.192357867453875,5.81316465484805,0.3826503009411329
15.192361534348093,5.813163359429189,0.38264266768160077
15.19236380808342,5.813163711909669,0.3826432024414917
15.192364721187307,5.813163267645123,0.38264196947411194
15.192369569622759,5.813162526441467,0.38263556939721954
15.192371347661664,5.81316191650745,0.3826336575591558
15.192371908449188,5.813161649559098,0.38263418891479095
15.192377730888985,5.813161694254299,0.3826299550549575
15.19237854595343,5.813160499896323,0.38262615341151696
15.19238002428712,5.813159575755666,0.3826242008851622
15.192385123488082,5.813159420394044,0.3826202142277737
15.192386435036664,5.813158235513318,0.38261446553034495
15.192388192227082,5.81315769411325,0.38261490993459046
15.192393214495656,5.8131577024511465,0.38261127923709803
